timestamp_iso,workspace_root,scope,file_path,reason
"2026-07-01T17:40:57.9900432+09:00","\\prod-fs-gen01\WorkFile\04_在宅勤務\★グローバルビジネス推進部（在宅）\ランゲージサービス課\Dobson（在宅）\04. Projects\code\PROGOS","user","C:\Users\d-dobson\.codex\AGENTS.md","startup bootstrap instructions"
"2026-07-01T17:40:57.9900432+09:00","\\prod-fs-gen01\WorkFile\04_在宅勤務\★グローバルビジネス推進部（在宅）\ランゲージサービス課\Dobson（在宅）\04. Projects\code\PROGOS","project","\\prod-fs-gen01\WorkFile\04_在宅勤務\★グローバルビジネス推進部（在宅）\ランゲージサービス課\Dobson（在宅）\04. Projects\code\PROGOS\AGENTS.md","verify copied project bootstrap instructions"
"2026-07-01T17:40:57.9900432+09:00","\\prod-fs-gen01\WorkFile\04_在宅勤務\★グローバルビジネス推進部（在宅）\ランゲージサービス課\Dobson（在宅）\04. Projects\code\PROGOS","user","C:\Users\d-dobson\.codex\memories\user-learning.md","startup user-level memory"
"2026-07-01T17:40:57.9900432+09:00","\\prod-fs-gen01\WorkFile\04_在宅勤務\★グローバルビジネス推進部（在宅）\ランゲージサービス課\Dobson（在宅）\04. Projects\code\PROGOS","project","\\prod-fs-gen01\WorkFile\04_在宅勤務\★グローバルビジネス推進部（在宅）\ランゲージサービス課\Dobson（在宅）\04. Projects\code\PROGOS\user-learning-mirror.md","verify copied portable user-memory mirror"
"2026-07-01T17:40:57.9900432+09:00","\\prod-fs-gen01\WorkFile\04_在宅勤務\★グローバルビジネス推進部（在宅）\ランゲージサービス課\Dobson（在宅）\04. Projects\code\PROGOS","project","\\prod-fs-gen01\WorkFile\04_在宅勤務\★グローバルビジネス推進部（在宅）\ランゲージサービス課\Dobson（在宅）\04. Projects\code\PROGOS\project-learning.md","startup project memory"
"2026-07-01T17:40:57.9900432+09:00","\\prod-fs-gen01\WorkFile\04_在宅勤務\★グローバルビジネス推進部（在宅）\ランゲージサービス課\Dobson（在宅）\04. Projects\code\PROGOS","project","\\prod-fs-gen01\WorkFile\04_在宅勤務\★グローバルビジネス推進部（在宅）\ランゲージサービス課\Dobson（在宅）\04. Projects\code\PROGOS\project-journal.md","startup project journal"
"2026-07-01T17:42:47.6332281+09:00","\\prod-fs-gen01\WorkFile\04_在宅勤務\★グローバルビジネス推進部（在宅）\ランゲージサービス課\Dobson（在宅）\04. Projects\code\PROGOS","project","\\prod-fs-gen01\WorkFile\04_在宅勤務\★グローバルビジネス推進部（在宅）\ランゲージサービス課\Dobson（在宅）\04. Projects\code\PROGOS\AGENTS.md","post-fetch instruction consistency check"
"2026-07-01T17:42:47.6332281+09:00","\\prod-fs-gen01\WorkFile\04_在宅勤務\★グローバルビジネス推進部（在宅）\ランゲージサービス課\Dobson（在宅）\04. Projects\code\PROGOS","project","\\prod-fs-gen01\WorkFile\04_在宅勤務\★グローバルビジネス推進部（在宅）\ランゲージサービス課\Dobson（在宅）\04. Projects\code\PROGOS\user-learning-mirror.md","post-fetch memory consistency check"
"2026-07-01T17:42:47.6332281+09:00","\\prod-fs-gen01\WorkFile\04_在宅勤務\★グローバルビジネス推進部（在宅）\ランゲージサービス課\Dobson（在宅）\04. Projects\code\PROGOS","project","\\prod-fs-gen01\WorkFile\04_在宅勤務\★グローバルビジネス推進部（在宅）\ランゲージサービス課\Dobson（在宅）\04. Projects\code\PROGOS\project-learning.md","post-fetch current-state refresh"
"2026-07-01T17:42:47.6332281+09:00","\\prod-fs-gen01\WorkFile\04_在宅勤務\★グローバルビジネス推進部（在宅）\ランゲージサービス課\Dobson（在宅）\04. Projects\code\PROGOS","project","\\prod-fs-gen01\WorkFile\04_在宅勤務\★グローバルビジネス推進部（在宅）\ランゲージサービス課\Dobson（在宅）\04. Projects\code\PROGOS\project-journal.md","post-fetch journal refresh"
"2026-07-03T14:47:31.531299+09:00","\\prod-fs-gen01\WorkFile\04_在宅勤務\★グローバルビジネス推進部（在宅）\ランゲージサービス課\Dobson（在宅）\04. Projects\code\PROGOS","user","C:\Users\d-dobson\.codex\AGENTS.md","startup bootstrap instructions for mojibake audit"
"2026-07-03T14:47:31.531299+09:00","\\prod-fs-gen01\WorkFile\04_在宅勤務\★グローバルビジネス推進部（在宅）\ランゲージサービス課\Dobson（在宅）\04. Projects\code\PROGOS","project","\\prod-fs-gen01\WorkFile\04_在宅勤務\★グローバルビジネス推進部（在宅）\ランゲージサービス課\Dobson（在宅）\04. Projects\code\PROGOS\AGENTS.md","startup project instructions for mojibake audit"
"2026-07-03T14:47:31.531299+09:00","\\prod-fs-gen01\WorkFile\04_在宅勤務\★グローバルビジネス推進部（在宅）\ランゲージサービス課\Dobson（在宅）\04. Projects\code\PROGOS","user","C:\Users\d-dobson\.codex\memories\user-learning.md","startup user-level memory for mojibake audit"
"2026-07-03T14:47:31.531299+09:00","\\prod-fs-gen01\WorkFile\04_在宅勤務\★グローバルビジネス推進部（在宅）\ランゲージサービス課\Dobson（在宅）\04. Projects\code\PROGOS","project","\\prod-fs-gen01\WorkFile\04_在宅勤務\★グローバルビジネス推進部（在宅）\04. Projects\code\PROGOS\user-learning-mirror.md","startup mirror memory for mojibake audit"
"2026-07-03T14:47:31.531299+09:00","\\prod-fs-gen01\WorkFile\04_在宅勤務\★グローバルビジネス推進部（在宅）\ランゲージサービス課\Dobson（在宅）\04. Projects\code\PROGOS","project","\\prod-fs-gen01\WorkFile\04_在宅勤務\★グローバルビジネス推進部（在宅）\ランゲージサービス課\Dobson（在宅）\04. Projects\code\PROGOS\project-learning.md","startup project memory for mojibake audit"
"2026-07-03T14:47:31.531299+09:00","\\prod-fs-gen01\WorkFile\04_在宅勤務\★グローバルビジネス推進部（在宅）\ランゲージサービス課\Dobson（在宅）\04. Projects\code\PROGOS","project","\\prod-fs-gen01\WorkFile\04_在宅勤務\★グローバルビジネス推進部（在宅）\ランゲージサービス課\Dobson（在宅）\04. Projects\code\PROGOS\project-journal.md","startup project journal for mojibake audit"
"2026-07-03T15:14:01.7719843+09:00","\\prod-fs-gen01\WorkFile\04_在宅勤務\★グローバルビジネス推進部（在宅）\ランゲージサービス課\Dobson（在宅）\04. Projects\code\PROGOS","user","C:\Users\d-dobson\.codex\AGENTS.md","session startup bootstrap instructions"
"2026-07-03T15:14:01.7719843+09:00","\\prod-fs-gen01\WorkFile\04_在宅勤務\★グローバルビジネス推進部（在宅）\ランゲージサービス課\Dobson（在宅）\04. Projects\code\PROGOS","project","\\prod-fs-gen01\WorkFile\04_在宅勤務\★グローバルビジネス推進部（在宅）\ランゲージサービス課\Dobson（在宅）\04. Projects\code\PROGOS\AGENTS.md","session startup project instructions"
"2026-07-03T15:14:01.7719843+09:00","\\prod-fs-gen01\WorkFile\04_在宅勤務\★グローバルビジネス推進部（在宅）\ランゲージサービス課\Dobson（在宅）\04. Projects\code\PROGOS","user","C:\Users\d-dobson\.codex\memories\user-learning.md","session startup user-level memory"
"2026-07-03T15:14:01.7719843+09:00","\\prod-fs-gen01\WorkFile\04_在宅勤務\★グローバルビジネス推進部（在宅）\ランゲージサービス課\Dobson（在宅）\04. Projects\code\PROGOS","project","\\prod-fs-gen01\WorkFile\04_在宅勤務\★グローバルビジネス推進部（在宅）\ランゲージサービス課\Dobson（在宅）\04. Projects\code\PROGOS\user-learning-mirror.md","session startup portable user memory"
"2026-07-03T15:14:01.7719843+09:00","\\prod-fs-gen01\WorkFile\04_在宅勤務\★グローバルビジネス推進部（在宅）\ランゲージサービス課\Dobson（在宅）\04. Projects\code\PROGOS","project","\\prod-fs-gen01\WorkFile\04_在宅勤務\★グローバルビジネス推進部（在宅）\ランゲージサービス課\Dobson（在宅）\04. Projects\code\PROGOS\project-learning.md","session startup project memory"
"2026-07-03T15:14:01.7719843+09:00","\\prod-fs-gen01\WorkFile\04_在宅勤務\★グローバルビジネス推進部（在宅）\ランゲージサービス課\Dobson（在宅）\04. Projects\code\PROGOS","project","\\prod-fs-gen01\WorkFile\04_在宅勤務\★グローバルビジネス推進部（在宅）\ランゲージサービス課\Dobson（在宅）\04. Projects\code\PROGOS\project-journal.md","session startup project journal"
